DIESEKO GROUP B.V.,"Lelystraat 49, 3364 AH Sliedrecht, Netherlands"
J N PILING LIMITED,"Tollbooth Building, Market Place, York YO61 3AB, United Kingdom"
,"Marblehead, MA, USA"
CORRECT BUILDING PRODUCTS,"8 Morin St, Biddeford, ME 04005, United States"
RECREATIONAL FISHING ALLIANCE,"5724 U.S. 9, Tuckerton, NJ 08087, United States"
UNDERPINNING FOUNDATION SKANSKA,"2405 Avenue X, Brooklyn, NY 11235, United States"
"AMERICAN COMPOSITE TIMBERS, INC.","366 Veterans Memorial Hwy #1, Commack, NY 11725, United States"
SNAVELY FOREST PRODUCTS,"600 Delwar Rd, Pittsburgh, PA 15236, United States"
VEKA DECK,"100 Veka Dr, Fombell, PW 16123, United States"
VEKA DECK,"100 Veka Dr, Fombell, PW 16123, United States"
AIG,"1650 Market St # 37, Philadelphia, PA 19103, United States"
NMMA,"2300 S St NW, Washington, DC 20008, United States"
AMERICAN FARM BUREAU FEDERATION,"600 Maryland Ave SW #1000w, Washington, DC 20024, United States"
TREATED WOOD COUNCIL,"1111 19th St NW, Washington, DC 20036, United States"
SMALL BUSINESS ADMINISTRATION,"409 3rd St SW, Washington, DC 20024, United States"
SMALL BUSINESS ADMINISTRATION,"409 3rd St SW, Washington, DC 20024, United States"
TIMBER TREATMENT TECHNOLOGIES,"ZERO RESULTS for TIMBER TREATMENT TECHNOLOGIES in WOODBRIDGE, VA"
TOPAZ PUBLICATIONS INC,"350 Feaster Rd c, Greenville, SC 29615, United States"
GROUP SOLUTIONS,"PO Box 940, Alpharetta, GA 30009, United States"
"FORMEX MANUFACTURING, INC.","601 Hurricane Shoals Rd NW, Lawrenceville, GA 30046, United States"
ARCH WOOD PROTECTION,"360 Interstate N Pkwy #450, Atlanta, GA 30339, United States"
NORTHSTAR VINYL PRODUCTS,"ZERO RESULTS for NORTHSTAR VINYL PRODUCTS in CARTERSVILLE, GA"
NORTHSTAR VINYL PRODUCTS,"ZERO RESULTS for NORTHSTAR VINYL PRODUCTS in WOODSTOCK, GA"
CARNEGIE WEALTH STRATEGIES,"6100 Lake Forrest Dr # 500, Atlanta, GA 30328, United States"
SMALL BUSINESS ADMINISTRATION,"233 Peachtree Center Ave NE # 1800, Atlanta, GA 30303, United States"
DOCK SHOPS,"215 Tourside Drive, Suite 1750, Ponte Vedra Beach, FL 32082, United States"
"FIBER COMPOSITES, LLC","ZERO RESULTS for FIBER COMPOSITES, LLC in FERNANDINA BEACH, FL"
"C&H MARINE CONSTRUCTION, INC.","417 Stowe Ave, Orange Park, FL 32073, United States"
PRIDE ENTERPRISES UNION FORESTRY PRODUCTS,"13825 NE 258th Ln, Raiford, FL 32083, United States"
"F & A MARINE CONSTRUCTION, INC.","134 Riberia St # 8, St Augustine, FL 32084, United States"
SOUTHEAST FLOATING DOCKS INC.,"2205 Dobbs Rd, St Augustine, FL 32086, United States"
"LABAGH MARINE CONTRACTING, INC","10777 SE Maricamp Rd, Ocala, FL 34472, United States"
DAYTONA BEACH NEWS-JOURNAL,"901 6th St, Daytona Beach, FL 32117, United States"
COASTAL WATERWAY SERVICES,"216 Venetian Way S, Port Orange, FL 32127, United States"
"DREDGING & MARINE CONSULTANTS, INC.","4643 S Clyde Morris Blvd # 302, Port Orange, FL 32129, United States"
AMS STAFF LEASING,"328 N Ridgewood Ave, Edgewater, FL 32132, United States"
S. E. CLINE CONSTRUCTION INC.,"18 Utility Dr, Palm Coast, FL 32137, United States"
"RAINS MARINE CONSTRUCTION, INC.","ZERO RESULTS for RAINS MARINE CONSTRUCTION, INC. in PALATKA, FL"
ST JOHNS WATER MANAGEMENT DISTRICT,"4049 Reid St, Palatka, FL 32177, United States"
CECIL W. POWELL & CO.,"219 South Newnan Street #1, Jacksonville, FL 32202, United States"
"LEWIS, LONGMAN & WALKER, P.A.","ZERO RESULTS for LEWIS, LONGMAN & WALKER, P.A. in JACKSONVILLE, FL"
DISTRICT DIR JACKSONVILLE LONGSHORE DISTR OFFICE,"ZERO RESULTS for DISTRICT DIR JACKSONVILLE LONGSHORE DISTR OFFICE in JACKSONVILLE, FL"
BELLINGHAM MARINE,"1323 Lincoln St # 102, Bellingham, WA 98229, United States"
"DHF CONSULTING, INC.","5847 Luella St, Jacksonville, FL 32207, United States"
"BAKER-KLEIN ENGINEERING, P.L.","ZERO RESULTS for BAKER-KLEIN ENGINEERING, P.L. in JACKSONVILLE, FL"
"BARCO-DUVAL ENGINEERING, INC","7587 Wilson Blvd, Jacksonville, FL 32210, United States"
B&W MARINE CONSTRUCTION INC.,"4611 Lakeside Dr, Jacksonville, FL 32210, United States"
US FWS,"7915 Baymeadows Way # 200, Jacksonville, FL 32256, United States"
US FWS,"7915 Baymeadows Way # 200, Jacksonville, FL 32256, United States"
US FWS,"7915 Baymeadows Way # 200, Jacksonville, FL 32256, United States"
"JAMIE LYNN CONSTRUCTION, INC","ZERO RESULTS for JAMIE LYNN CONSTRUCTION, INC in JACKSONVILLE, FL"
CORPS OF ENGINEERS,"701 San Marco Blvd, Jacksonville, FL 32207, United States"
"HARBOR MARINE DOCKS, INC.","400 N Flagler Dr, West Palm Beach, FL 33401, United States"
SOUTHERN LUMBER & TREATING,"1433 N Lane Cir, Jacksonville, FL 32254, United States"
SOUTHERN LUMBER & TREATING,"1433 N Lane Cir, Jacksonville, FL 32254, United States"
FARRELL BROTHERS MARINE CONSTRUCTION,"Jacksonville, FL 32240, United States"
SWAN SECURE PRODUCTS,"ZERO RESULTS for SWAN SECURE PRODUCTS in JACKSONVILLE, FL"
ASHCRAFT MARINE CONST. INC.,"14011 Philips Hwy, Jacksonville, FL 32256, United States"
"PALM VALLEY MARINE CONSTRUCTION, INC","ZERO RESULTS for PALM VALLEY MARINE CONSTRUCTION, INC in SAINT JOHNS, FL"
MORRIS MARINE CONSTRUCTION,"St Johns, FL 32259, United States"
HOPPING GREEN & SAMS,"119 S Monroe St, Tallahassee, FL 32301, United States"
HOPPING GREEN & SAMS,"119 S Monroe St, Tallahassee, FL 32301, United States"
HOPPING GREEN & SAMS,"119 S Monroe St, Tallahassee, FL 32301, United States"
JLCIR,"ZERO RESULTS for JLCIR in TALLAHASSEE, FL"
PBS&J,"2639 N Monroe St, Tallahassee, FL 32303, United States"
FWC,"325 W Washington St, Monticello, FL 32344, United States"
CONSTRUCTION INDUSTRY LICENSING BOARD,"2601 Blair Stone Rd, Tallahassee, FL 32399, United States"
FLORIDA HOUSE OF REPRESENTATIVES,"1001 The Capitol, Tallahassee, FL 32399, United States"
DEP- OFFICE OF SUBMERGED LANDS/ENVIRONMENTAL RES,"ZERO RESULTS for DEP- OFFICE OF SUBMERGED LANDS/ENVIRONMENTAL RES in TALLAHASSEE, FL"
DIVISION OF WORKERS' COMPENSATION,"2012 Capital Cir SE # 102, Tallahassee, FL 32399, United States"
FLORIDA OFFICE OF BOATING & WATERWAYS,"ZERO RESULTS for FLORIDA OFFICE OF BOATING & WATERWAYS in TALLAHASSEE, FL"
FLORIDA OFFICE OF BOATING & WATERWAYS,"ZERO RESULTS for FLORIDA OFFICE OF BOATING & WATERWAYS in TALLAHASSEE, FL"
ST JOE COMPANY,"1110 Prospect Promenade, Panama City Beach, FL 32413, United States"
"LOFTIS MARINE DIVISION, INC.","ZERO RESULTS for LOFTIS MARINE DIVISION, INC. in PENSACOLA, FL"
DKE MARINE,"4111 Lillian Hwy, Pensacola, FL 32506, United States"
COASTAL MARINE CONSTRUCTION,"1232 N Pace Blvd, Pensacola, FL 32505, United States"
MANSKE MARINE CONSTRUCTION,"ZERO RESULTS for MANSKE MARINE CONSTRUCTION in PENSACOLA, FL"
MEREDITH & SON LUMBER,"8701 N Palafox St, Pensacola, FL 32534, United States"
DALE'S MARINE CONSTRUCTION,"32561, 1773 Abercrombie Rd, Gulf Breeze, FL 32563, United States"
COASTAL PRODUCTS PLUS,"5986 Gulf Breeze Cir a, Gulf Breeze, FL 32563, United States"
KOPPERS INDUSTRIES INC.,"280 N Koppers Rd, Florence, SC 29506, United States"
FLORIDA SEA GRANT,"McCarty Dr, Gainesville, FL 32603, United States"
G&A MANUFACTURING,"510 S Lawrence Blvd, Keystone Heights, FL 32656, United States"
HOHOL MARINE PRODUCTS,"ZERO RESULTS for HOHOL MARINE PRODUCTS in DELAND, FL"
TIMBERTECH,"ZERO RESULTS for TIMBERTECH in LAKE MARY, FL"
MERIT FASTENERS,"2510 N Ronald Reagan Blvd, Longwood, FL 32750, United States"
"COAST TO COAST INSURANCE SERVICES, LLC","ZERO RESULTS for COAST TO COAST INSURANCE SERVICES, LLC in MAITLAND, FL"
GUNDERBOOM INC.,"210 Hickman Dr, Sanford, FL 32771, United States"
SUNNILAND CORPORATION,"Five Pts, Sanford, FL 32771, United States"
SIMPSON STRONG-TIE,"ZERO RESULTS for SIMPSON STRONG-TIE in UMATILLA, FL"
SKYLINE STEEL - COMPOSITES,"ZERO RESULTS for SKYLINE STEEL - COMPOSITES in WINTER PARK, FL"
MUNICIPAL MARINA -- TITUSVILLE,"451 Marina Rd, Titusville, FL 32796, United States"
"OUTDOOR LIVING PRODUCTS, INC.","5901 Beggs Rd, Lockhart, FL 32810, United States"
COASTAL CONSERVATION ASSOCIATION,"4061 Forrestal Ave, Orlando, FL 32806, United States"
CONSOLIDATED ENVIRONMENTAL ENGINEERING INC.,"3135 Skyway Cir, Melbourne, FL 32934, United States"
MEETINGS TO ORDER,"720 E New Haven Ave Suite 3, Melbourne, FL 32901, United States"
DOCK PATROL,"226 N Atlantic Ave, Cocoa Beach, FL 32931, United States"
JOHNSEN AMPHIBIOUS MARINE CONTRACTORS INC.,"615 Azalea Ave, Merritt Island, FL 32952, United States"
CITIZENS FOR FLORIDA'S WATERWAYS,"ZERO RESULTS for CITIZENS FOR FLORIDA'S WATERWAYS in MERRITT ISLAND, FL"
FMCA,"ZERO RESULTS for FMCA in MERRITT ISLAND, FL"
LRM INDUSTRIES,"135 Gus Hipp Blvd, Rockledge, FL 32955, United States"
SOUTHERN PINE LUMBER,"2135 Rockledge Blvd, Rockledge, FL 32955, United States"
MRMC CONSTRUCTION INC.,"ZERO RESULTS for MRMC CONSTRUCTION INC. in VERO BEACH, FL"
TREASURE COAST MARINE,"1206 1st Ave SE, Vero Beach, FL 32962, United States"
TANENBAUM HARBER OF FLORIDA,"2900 SW 149th Ave Suite 100, Miramar, FL 33027, United States"
LIFETIME DOCK & LUMBER INC.,"24536 Overseas Hwy, Summerland Key, FL 33042, United States"
MUDDOBBERS INC.,"ZERO RESULTS for MUDDOBBERS INC. in BIG PINE KEY, FL"
GLEN BOE & ASSOCIATES,"5800 Overseas Hwy #4, Marathon, FL 33050, United States"
KEY'S GRADING & PAVING INC.,"ZERO RESULTS for KEY'S GRADING & PAVING INC. in MARATHON, FL"
CORAL MARINE CONSTRUCTION,"10610 7th Avenue Gulf, Marathon, FL 33050, United States"
FRANK H. FURMAN INC.,"1314 E Atlantic Blvd, Pompano Beach, FL 33060, United States"
"THE CHAPPELL GROUP, INC.","714 E McNab Rd, Pompano Beach, FL 33060, United States"
"DLS PRESTRESSED, INC.","1600 SW 13th Ct, Pompano Beach, FL 33312, United States"
H & W DISTRIBUTORS,"ZERO RESULTS for H & W DISTRIBUTORS in POMPANO BEACH, FL"
UPPER KEYS MARINE CONSTRUCTION,"97674 Overseas Hwy, Key Largo, FL 33037, United States"
GOOD EVENT MANAGEMENT,"6601 Lyons Rd Suite C-3, Coconut Creek, FL 33073, United States"
BARRETO GROUP,"235 Catalonia Ave, Coral Gables, FL 33134, United States"
"CLAY HUNTRESS, CERTIFIED MARINE MANAGER","ZERO RESULTS for CLAY HUNTRESS, CERTIFIED MARINE MANAGER in MIAMI BEACH, FL"
PACIFIC LEGAL FOUNDATION,"8645 N Military Trl #511, Palm Beach Gardens, FL 33410, United States"
"ASH PROPERTY GROUP, INC.","1060 Brickell Ave #101, Miami, FL 33131, United States"
"D. STEPHENSON CONSTRUCTION, INC","6241 N Dixie Hwy # A, Fort Lauderdale, FL 33334, United States"
SSCA COMMODORES' BULLETIN,"ZERO RESULTS for SSCA COMMODORES' BULLETIN in FORT LAUDERDALE, FL"
WARD'S MARINE ELECTRIC,"617 SW 3rd Ave, Fort Lauderdale, FL 33315, United States"
SUNSTREAM BOAT LIFTS,"228 SW 21st Terrace, Fort Lauderdale, FL 33312, United States"
MARINE INDUSTRIES ASSOC. OF S. FLORIDA,"2312 S Andrews Ave, Fort Lauderdale, FL 33316, United States"
FWC,"10088 NW 53rd St, Sunrise, FL 33351, United States"
MARINA PRODUCTS MANUFACTURING,"2800 SW 2nd Ave, Fort Lauderdale, FL 33315, United States"
NORTHWESTERN MUTUAL FINANCIAL NETWORK,"500 E Broward Blvd #2000, Fort Lauderdale, FL 33394, United States"
WELLS FARGO INSURANCE SERVICES,"2054 Vista Pkwy # 400, West Palm Beach, FL 33411, United States"
SOUTH FLORIDA WATER MANAGEMENT DISTRICT,"3301 Gun Club Rd, West Palm Beach, FL 33406, United States"
SOUTH FLORIDA WATER MANAGEMENT DISTRICT,"3301 Gun Club Rd, West Palm Beach, FL 33406, United States"
MARINE CONSTRUCTION INC.,"ZERO RESULTS for MARINE CONSTRUCTION INC. in NORTH PALM BEACH, FL"
TECHNOMARINE MANUFACTURING INC.,"1208 US-1 C, North Palm Beach, FL 33408, United States"
C&L INSURANCE,"2295 Corporate Blvd NW, Boca Raton, FL 33431, United States"
MARINE ENGINEERING & CONSTRUCTION,"130 SW 24th Ave, Boynton Beach, FL 33435, United States"
TIGER 88,"ZERO RESULTS for TIGER 88 in DELRAY BEACH, FL"
DOCKS & MORE CONSTRUCTION COMPANY,"ZERO RESULTS for DOCKS & MORE CONSTRUCTION COMPANY in LAKE WORTH, FL"
"DOLPHIN MARINE CONSTRUCTION, INC.","312 Hibiscus St, Jupiter, FL 33458, United States"
MARSH FASTENERS,"127 Fern St, Jupiter, FL 33458, United States"
EASTERN METAL SUPPLY,"3600 23rd Ave S, Lake Worth, FL 33461, United States"
PAM FASTENING TECHNOLOGIES,"ZERO RESULTS for PAM FASTENING TECHNOLOGIES in PALM SPRINGS, FL"
FLORIDA INLAND NAVIGATION DISTRICT,"1314 Marcinski Rd, Jupiter, FL 33477, United States"
PERINI MARINE CONSTRUCTION,"Jupiter, FL 33458, United States"
NCCI,"901 Peninsula Corp Cir, Boca Raton, FL 33487, United States"
LP WEATHERBEST,"ZERO RESULTS for LP WEATHERBEST in WESLEY CHAPEL, FL"
"GULFCOAST SURVEY ASSOCIATES, INC.","ZERO RESULTS for GULFCOAST SURVEY ASSOCIATES, INC. in RIVERVIEW, FL"
TYSON BOLT & SUPPLY,"ZERO RESULTS for TYSON BOLT & SUPPLY in TAMPA, FL"
HALCROW HPA,"ZERO RESULTS for HALCROW HPA in TAMPA, FL"
"ATLANTIC DOCKS, INC.","ZERO RESULTS for ATLANTIC DOCKS, INC. in TAMPA, FL"
PPW,"ZERO RESULTS for PPW in TAMPA, FL"
PPW,"ZERO RESULTS for PPW in TAMPA, FL"
HILLSBOROUGH COUNTY CONTRACTOR LICENSING,"601 E Kennedy Blvd, Tampa, FL 33602, United States"
"WEST COAST INSURANCE, INC.","8377 Gunn Hwy, Tampa, FL 33626, United States"
ROBBINS WOOD PRESERVING AND MANUFACTURING,"13001 N Nebraska Ave, Tampa, FL 33612, United States"
ROBBINS WOOD PRESERVING AND MANUFACTURING,"13001 N Nebraska Ave, Tampa, FL 33612, United States"
FLORIDA MARINE RESEARCH INSTITUTE,"100 8th Ave SE, St. Petersburg, FL 33701, United States"
"WILLIAM G. REIDY, PE","ZERO RESULTS for WILLIAM G. REIDY, PE in ST PETERSBURG, FL"
"HERITAGE DOCKS, INC.","2558 20th Ave N, St. Petersburg, FL 33713, United States"
"SPEELER SERVICES, INC.","ZERO RESULTS for SPEELER SERVICES, INC. in SOUTH PASADENA, FL"
BAY PINES MARINA/TRAVIS CORP OF PINELLAS COUNTY,"5000 92nd St N, St. Petersburg, FL 33708, United States"
DECKS & DOCKS LUMBER,"4801 95th St N, St. Petersburg, FL 33708, United States"
TOM HARRIS MARINE CONSTRUCTION,"ZERO RESULTS for TOM HARRIS MARINE CONSTRUCTION in ST PETERSBURG, FL"
DANN SAPP & SONS INC.,"4211 31st St N, St. Petersburg, FL 33714, United States"
FLORIDA COUNCIL OF YACHT CLUBS,"ZERO RESULTS for FLORIDA COUNCIL OF YACHT CLUBS in BELLEAIR, FL"
DOLPHIN MARINE EQUIPMENT,"13056 Faxton St, Clearwater, FL 33760, United States"
SPEELER ENTERPRISES INC.,"6111 142nd Ave N, Clearwater, FL 33760, United States"
DAVIT MASTER CORP.,"5560 Ulmerton Rd, Clearwater, FL 33760, United States"
"HALLMARK DEVELOPMENT OF FLORIDA, INC.","4500 140th Ave N, Clearwater, FL 33762, United States"
COASTAL CONSTRUCTION,"5959 Blue Lagoon Dr #200, Miami, FL 33126, United States"
PRIORITY MARINE,"ZERO RESULTS for PRIORITY MARINE in CLEARWATER, FL"
"ALL AMERICAN CONCRETE, INC.","8770 Somerset Dr, Largo, FL 33773, United States"
DOCKS INC.,"ZERO RESULTS for DOCKS INC. in LARGO, FL"
UNIVERSAL BUILDING SPECIALTIES,"210 Neptune Rd, Auburndale, FL 33823, United States"
SUNBELT FOREST PRODUCTS,"6106 Spirit Lake Rd, Bartow, FL 33830, United States"
"HANS WILSON & ASSOC., INC.","1938 Hill Ave, Fort Myers, FL 33901, United States"
SW FLORIDA MARINE INDUSTRIES ASSOC.,"13180 N Cleveland Ave, Fort Myers, FL 33903, United States"
"AQUAMARINE CONSTRUCTION, INC","3812 SE 18th Pl, Cape Coral, FL 33904, United States"
THE MACX LLC,"1502 Del Prado Blvd, Cape Coral, FL 33904, United States"
M.D. MOODY & SONS,"ZERO RESULTS for M.D. MOODY & SONS in FORT MYERS, FL"
HONC DOCKS & LIFTS,"1130 C Pondella Rd, Cape Coral, Fl 33909, United States"
HONC MARINE CONTRACTING,"1130 Pondella Rd, Cape Coral, FL 33909, United States"
STEMIC ENTERPRISES INC.,"16420 Old US 41, Fort Myers, FL 33912, United States"
ADVANCED MACHINE MANUFACTURING,"3791 Edison Ave, Fort Myers, FL 33916, United States"
GOLDEN BOAT LIFTS INC.,"17611 East St B, Fort Myers, FL 33917, United States"
RAYMOND BUILDING SUPPLY,"7751 Bayshore Rd, Fort Myers, FL 33917, United States"
"GOLDEN BOAT LIFTS, INC.","17611 East St B, Fort Myers, FL 33917, United States"
"MARINE CONTRACTING GROUP, INC.","8260 Pascal Dr, Punta Gorda, FL 33950, United States"
PARR MARINE CONSTRUCTION,"6525 Florida St, Punta Gorda, FL 33950, United States"
CHARLOTTE COUNTY SEAWALLS INC.,"590 Prineville St, Port Charlotte, FL 33954, United States"
SOUTHWEST AGGREGATES,"16070 Tamiami Trail, Punta Gorda, FL 33955, United States"
ZIPPER-ZEMAN,"ZERO RESULTS for ZIPPER-ZEMAN in FORT MYERS, FL"
QUALITY BOAT LIFTS INC.,"17030 Alico Center Rd, Fort Myers, FL 33967, United States"
HICKCOX BROTHERS MARINE INC.,"9359 Crocus Ct, Fort Myers, FL 33967, United States"
TURRELL & ASSOCIATES,"3584 Exchange Ave # B, Naples, FL 34104, United States"
TURRELL & ASSOCIATES INC.,"3584 Exchange Ave # B, Naples, FL 34104, United States"
"GARLAND & GARLAND, INC.","3490 Enterprise Ave, Naples, FL 34104, United States"
MARINE LUMBER SUPPLY,"3828 Radio Rd, Naples, FL 34104, United States"
NAPLES DOCK & MARINE,"3557 Prospect Ave, Naples, FL 34104, United States"
NELSON MARINE CONSTRUCTION INC.,"10923 Enterprise Ave, Bonita Springs, FL 34135, United States"
"S&S STRUCTURAL SYSTEMS, INC.","25095 Old 41 Rd, Bonita Springs, FL 34135, United States"
ACTION BOLT & TOOL CO,"6208 28th St E, Bradenton, FL 34203, United States"
WOOD DOCK & SEAWALL,"12044 Cortez Rd W, Cortez, FL 34215, United States"
SUNCOAST DOCK & BOATLIFT,"4545 Mariotti Ct # H, Sarasota, FL 34233, United States"
DUNCAN SEAWALL DOCK & BOAT LIFT INC.,"1714 Independence Blvd, Sarasota, FL 34234, United States"
ABEL BAND,"1 School Ave # 500, Sarasota, FL 34237, United States"
RAM MARINE SERVICES,"494 Riverview Dr S, Nokomis, FL 34275, United States"
CUSTOM DOCK & DAVIT INC.,"5710 Pinkney Ave, Sarasota, FL 34233, United States"
"DOCKSIDE SERVICES, INC.","ZERO RESULTS for DOCKSIDE SERVICES, INC. in FLORAL CITY, FL"
MARLIN MARINE CONSTRUCTION,"10330 W Yulee Dr d, Homosassa, FL 34448, United States"
FITZPATRICK INSURANCE,"117 N Seminole Ave, Inverness, FL 34450, United States"
DOCK MASTERS OF HOMOSASSA,"6971 W Homosassa Trail, Homosassa, FL 34448, United States"
"SUPERIOR MARINE CONSTRUCTION, INC.","ZERO RESULTS for SUPERIOR MARINE CONSTRUCTION, INC. in SILVER SPRINGS, FL"
SOUTHWEST FLORIDA WATER MANAGEMENT DISTRICT,"2379 Broad St, Brooksville, FL 34604, United States"
SOUTHWEST FLORIDA WATER MANAGEMENT DISTRICT,"2379 Broad St, Brooksville, FL 34604, United States"
GULFSIDE DOCKS CORPORATION,"7916 Congress St, Port Richey, FL 34668, United States"
POLY VINYL CREATIONS,"11313 FL-52, Hudson, FL 34669, United States"
"LANDON, MOREE & ASSOC, INC.","31622 US Hwy 19 N, Palm Harbor, FL 34684, United States"
"MARINE CONCEPTS, INC.","1448 Rainville Rd, Tarpon Springs, FL 34689, United States"
DECO POWER LIFTS,"1041 Harbor Lake Dr, Safety Harbor, FL 34695, United States"
WOODS CONSULTING,"1714 County Rd 1, Dunedin, FL 34698, United States"
WOODS CONSULTING INC.,"1714 County Rd 1, Dunedin, FL 34698, United States"
RAVENS MARINE INC.,"3295 S Orange Ave, Kissimmee, FL 34744, United States"
"REEF INNOVATIONS, INC","1126 Central Ave, Sarasota, FL 34236, United States"
"CREATIVE DECK & DOCK, INC.","636 Butler St, Windermere, FL 34786, United States"
"FLECK CONSTRUCTION AND DOCKS,LLC","200 Countyline Ct #6, Oakland, FL 34787, United States"
HI-TIDE SALES INC.,"4050 Selvitz Rd, Fort Pierce, FL 34981, United States"
SOUTHERN PINE LUMBER,"250 NE Dixie Hwy, Stuart, FL 34994, United States"
"PAUL LYNCH & ASSOC., INC.","701 NW Federal Hwy, Stuart, FL 34994, United States"
"WISDOM ASSOCIATES, INC.","ZERO RESULTS for WISDOM ASSOCIATES, INC. in STUART, FL"
ATLANTIC COASTAL ENGINEERING,"1321 SE Decker Ave, Stuart, FL 34994, United States"
MARINE INDUSTRIES ASSN. OF THE TREASURE COAST,"ZERO RESULTS for MARINE INDUSTRIES ASSN. OF THE TREASURE COAST in STUART, FL"
"LUCAS MARINE CONSTRUCTION, LLC","3130 SE Slater St, Stuart, FL 34997, United States"
DEBPRO,"ZERO RESULTS for DEBPRO in STUART, FL"
AERT,"ZERO RESULTS for AERT in ANTIOCH, TN"
TIMBERTECH,"894 Prairie Rd, Wilmington, OH 45177, United States"
SKYLINE STEEL - COMPOSITES,"ZERO RESULTS for SKYLINE STEEL - COMPOSITES in BELPRE, OH"
"KOCH GROUP, INC.","240 E Lake St # 300, Addison, IL 60101, United States"
DEE CONCRETE ACCESSORIES,"7350 W Montrose Ave, Harwood Heights, IL 60706, United States"
JET FILTER SYSTEM,"14 N Central Ave #101, Casey, IL 62420, United States"
"TAMKO - EVERGRAIN COMPOSITES, INC.","ZERO RESULTS for TAMKO - EVERGRAIN COMPOSITES, INC. in LAMAR, MO"
AMERISAFE,"2301 US-190, DeRidder, LA 70634, United States"
AMERISAFE GENERAL AGENCY,"2301 US-190, DeRidder, LA 70634, United States"
FORESIGHT PRODUCTS LLC,"6430 E 49th Ave, Commerce City, CO 80022, United States"
DAVID,"6464 SW Borland Rd, Tualatin, OR 97062, United States"
"FOREST PRODUCTS RESEARCH LABORATORY, LLC","ZERO RESULTS for FOREST PRODUCTS RESEARCH LABORATORY, LLC in SPRINGFIELD, OR"
